scenario,seed,acquisition_s,avg_error_px,centroid_error_px,rmse_px,target_loss_pct,lock_retention_pct,reacquisition_s,algorithm_fps,all_gates_pass
"PS169-01 Straight / Clear",11,0.1,1.282,0.797,1.767,0,99.67,,3821.51,true
"PS169-01 Straight / Clear",148,0.1,1.29,0.794,1.959,0,99.11,,3541.65,true
"PS169-01 Straight / Clear",285,0.1,1.029,0.808,1.403,0,100,,3227.05,true
"PS169-01 Straight / Clear",422,0.1,1.608,0.839,2.418,0,99,,3605.73,true
"PS169-01 Straight / Clear",559,0.1,1.16,0.805,1.617,0,100,,4027.07,true
"PS169-02 Circular / Clear",22,0.1,1.115,0.831,1.921,0,98.89,,3860.53,true
"PS169-02 Circular / Clear",159,0.1,1.228,0.841,1.801,0,99.22,,3759.4,true
"PS169-02 Circular / Clear",296,0.1,0.906,0.841,1.067,0,100,,3896,true
"PS169-02 Circular / Clear",433,0.1,1.091,0.846,1.405,0,100,,3952.24,true
"PS169-02 Circular / Clear",570,0.1,1.077,0.869,1.73,0,99.11,,4052.03,true
"PS169-03 Figure-8 / Clear",42,0.967,6.296,0.825,7.213,2.889,93.46,,3970.39,true
"PS169-03 Figure-8 / Clear",179,0.967,6.398,0.837,7.303,2.889,94.61,,3853.89,true
"PS169-03 Figure-8 / Clear",316,0.1,5.584,0.835,6.033,0,100,,3727.61,true
"PS169-03 Figure-8 / Clear",453,0.1,5.699,0.817,6.179,0,99.11,,3868.59,true
"PS169-03 Figure-8 / Clear",590,0.867,6.234,0.83,7.066,2.556,94.63,,3880.14,true
"PS169-04 Random / Clear",7,0.1,1.252,0.846,1.9,0,99,,3862.93,true
"PS169-04 Random / Clear",144,0.1,1.157,0.832,1.685,0,99.33,,3914.64,true
"PS169-04 Random / Clear",281,0.1,0.91,0.833,1.01,0,100,,4009.43,true
"PS169-04 Random / Clear",418,0.1,1.275,0.833,2.696,0,98.55,,3969.18,true
"PS169-04 Random / Clear",555,0.1,0.995,0.908,1.123,0,100,,3813.05,true
"PS169-05 Gaussian Noise",15,0.1,1.454,0.812,1.982,0,100,,3522.93,true
"PS169-05 Gaussian Noise",152,0.1,1.84,0.831,2.556,0,99.11,,3413.67,true
"PS169-05 Gaussian Noise",289,0.1,1.756,0.822,2.772,0,98.78,,3289.96,true
"PS169-05 Gaussian Noise",426,0.1,1.78,0.83,2.397,0,99.33,,3194.95,true
"PS169-05 Gaussian Noise",563,0.1,1.525,0.833,2.128,0,99.89,,2708.21,true
"PS169-06 Salt & Pepper",16,0.1,2.004,0.82,2.596,0,99,,1534.14,true
"PS169-06 Salt & Pepper",153,0.1,1.979,0.847,3.422,0,98.44,,1495.74,true
"PS169-06 Salt & Pepper",290,0.1,1.769,0.821,2.484,0,99.22,,1422.96,true
"PS169-06 Salt & Pepper",427,0.1,1.765,0.86,2.36,0,99.33,,1391.32,true
"PS169-06 Salt & Pepper",564,0.1,1.605,0.833,2.339,0,99.33,,1517.07,true
"PS169-07 Poisson",17,0.1,1.003,0.82,1.493,0,99.44,,2709.84,true
"PS169-07 Poisson",154,0.1,1.083,0.84,1.69,0,99.22,,2842.51,true
"PS169-07 Poisson",291,0.1,1.565,0.848,2.818,0,98.55,,2738.62,true
"PS169-07 Poisson",428,0.1,1.88,0.824,2.546,0,98.89,,2710.87,true
"PS169-07 Poisson",565,0.1,1.129,0.85,1.748,0,99.22,,2846.99,true
"PS169-08 Camera Jitter",18,1.267,7.093,0.848,8.072,3.889,81,,3227.13,true
"PS169-08 Camera Jitter",155,4.8,7.693,0.827,9.131,15.667,77.81,,3518.55,false
"PS169-08 Camera Jitter",292,0.1,6.978,0.841,7.951,0,81.74,,3144.93,true
"PS169-08 Camera Jitter",429,0.1,6.696,0.858,7.446,0,83.41,,3306.17,true
"PS169-08 Camera Jitter",566,1.467,7.251,0.827,8.359,4.556,79.81,,2983.42,true
"PS169-09 Haze",19,0.1,1.884,0.843,3.076,0,98.55,,3085.63,true
"PS169-09 Haze",156,0.1,1.98,0.811,2.555,0,99.11,,3303.21,true
"PS169-09 Haze",293,0.1,1.79,0.783,2.344,0,99.33,,3276.3,true
"PS169-09 Haze",430,0.1,1.617,0.847,2.136,0,99.67,,3180.85,true
"PS169-09 Haze",567,0.1,1.719,0.789,2.103,0,100,,2510.27,true
"PS169-10 Fog",20,0.1,1.101,0.855,1.31,0,100,,3539.58,true
"PS169-10 Fog",157,0.1,1.387,0.876,2.073,0,99,,3321.86,true
"PS169-10 Fog",294,0.1,1.098,0.855,1.418,0,100,,3287.92,true
"PS169-10 Fog",431,0.1,1.105,0.83,1.77,0,99,,3044.38,true
"PS169-10 Fog",568,0.1,0.971,0.845,1.277,0,100,,3287.27,true
"PS169-11 Rain",21,1.433,6.358,0.824,7.173,4.444,91.72,,2986.53,true
"PS169-11 Rain",158,0.1,6.341,0.829,7.136,0,94.32,,1783.37,true
"PS169-11 Rain",295,0.1,5.675,0.841,6.081,0,100,,1805.3,true
"PS169-11 Rain",432,4.9,6.53,0.837,7.759,16,92.31,,2389.43,false
"PS169-11 Rain",569,0.1,5.714,0.859,6.186,0,100,,2298.33,true
"PS169-12 Low Light",23,0.1,1.525,0.791,2.089,0,100,,2863.97,true
"PS169-12 Low Light",160,0.1,1.443,0.867,1.969,0,100,,3065.12,true
"PS169-12 Low Light",297,0.1,1.601,0.835,2.155,0,100,,2114.03,true
"PS169-12 Low Light",434,0.1,1.726,0.85,2.266,0,99.55,,2351.79,true
"PS169-12 Low Light",571,0.1,1.804,0.811,2.685,0,98.89,,1985.26,true
"PS169-13 Platform Motion",24,0.1,1.386,0.844,2.057,0,99,,2018.34,true
"PS169-13 Platform Motion",161,0.1,1.228,0.834,2.018,0,98.89,,2124.14,true
"PS169-13 Platform Motion",298,0.1,1.188,0.833,1.786,0,99.22,,2496.59,true
"PS169-13 Platform Motion",435,0.1,1.123,0.853,1.468,0,100,,2053.79,true
"PS169-13 Platform Motion",572,0.1,1.148,0.843,1.765,0,99.22,,2065.91,true
"PS169-14 High Disturbance",99,0.1,4.987,0.893,5.725,0,96.99,,1865,true
"PS169-14 High Disturbance",236,0.1,4.661,0.853,5.322,0,97.55,,1604.67,true
"PS169-14 High Disturbance",373,0.1,4.839,0.874,5.569,0,96.44,,1893.56,true
"PS169-14 High Disturbance",510,0.1,4.923,0.841,5.608,0,96.77,,1840.93,true
"PS169-14 High Disturbance",647,0.1,4.845,0.838,5.495,0,97.1,,1441.46,true